initCGM,state_C1,state_C2,state_Gp,state_Gc,state_Ge,state_Ie,state_I
40,1.3624999523162842,-0.1347689926624298,-1.4032039642333984,-1.1479551792144775,-1.0116021633148193,-0.3479064106941223,-0.4019511342048645
41,1.3624999523162842,-0.13449354469776154,-1.393446445465088,-1.139535903930664,-1.0048164129257202,-0.34902283549308777,-0.40330228209495544
42,1.3624999523162842,-0.13422098755836487,-1.3836896419525146,-1.1311166286468506,-0.9980309009552002,-0.35013914108276367,-0.40465492010116577
43,1.3624999523162842,-0.13472872972488403,-1.3739327192306519,-1.1226974725723267,-0.9912450909614563,-0.3512580692768097,-0.4060074985027313
44,1.3624999523162842,-0.13445627689361572,-1.364176630973816,-1.1142781972885132,-0.984459638595581,-0.35237371921539307,-0.40736064314842224
45,1.3624999523162842,-0.1341797262430191,-1.3544198274612427,-1.1058589220046997,-0.977672815322876,-0.3534914553165436,-0.4087124466896057
46,1.3624999523162842,-0.13469040393829346,-1.3446637392044067,-1.0974396467208862,-0.9708861708641052,-0.35460808873176575,-0.41006574034690857
47,1.3624999523162842,-0.13442198932170868,-1.3349069356918335,-1.0890203714370728,-0.9641023278236389,-0.35572659969329834,-0.4114176034927368
48,1.3624999523162842,-0.13414497673511505,-1.325148344039917,-1.0806010961532593,-0.9573158621788025,-0.35684293508529663,-0.4127713739871979
49,1.3624999523162842,-0.1346571445465088,-1.3153902292251587,-1.0721818208694458,-0.9505300521850586,-0.35796067118644714,-0.41412490606307983
50,1.3624999523162842,-0.1343831568956375,-1.305633306503296,-1.0637625455856323,-0.9437428116798401,-0.35907843708992004,-0.4154767394065857
51,1.3624999523162842,-0.1341022402048111,-1.2958753108978271,-1.0553432703018188,-0.9369625449180603,-0.36023443937301636,-0.41663622856140137
52,1.3624999523162842,-0.13461530208587646,-1.286118507385254,-1.046924114227295,-0.9301837086677551,-0.36140578985214233,-0.41772040724754333
53,1.3624999523162842,-0.13433824479579926,-1.276361346244812,-1.0385048389434814,-0.9234004616737366,-0.36252880096435547,-0.41898566484451294
54,1.3624999523162842,-0.134062260389328,-1.2666051387786865,-1.030085563659668,-0.9166163206100464,-0.36364418268203735,-0.42028194665908813
55,1.3624999523162842,-0.13457563519477844,-1.2568477392196655,-1.0216662883758545,-0.909834623336792,-0.36475762724876404,-0.42158812284469604
56,1.3624999523162842,-0.1342947632074356,-1.2470916509628296,-1.013247013092041,-0.9030501842498779,-0.36586979031562805,-0.42290276288986206
57,1.3624999523162842,-0.13480815291404724,-1.237334966659546,-1.0048277378082275,-0.8962675929069519,-0.3669807016849518,-0.42422130703926086
58,1.3624999523162842,-0.13453121483325958,-1.2275784015655518,-0.9964084625244141,-0.8894842863082886,-0.3680908977985382,-0.4255449175834656
59,1.3624999523162842,-0.13425186276435852,-1.2178231477737427,-0.9879892468452454,-0.8827083706855774,-0.3692612051963806,-0.4265572726726532
60,1.3624999523162842,-0.13475605845451355,-1.2080647945404053,-0.9795699715614319,-0.8759276866912842,-0.37039411067962646,-0.4277392327785492
61,1.3624999523162842,-0.13448354601860046,-1.1983064413070679,-0.9711506962776184,-0.8691465258598328,-0.37150144577026367,-0.42900827527046204
62,1.3624999523162842,-0.13420478999614716,-1.1885490417480469,-0.9627314209938049,-0.8623653054237366,-0.37260690331459045,-0.4302918016910553
63,1.3624999523162842,-0.13471536338329315,-1.1787914037704468,-0.9543121457099915,-0.8555852174758911,-0.3737111985683441,-0.43158674240112305
64,1.3624999523162842,-0.13443510234355927,-1.169034481048584,-0.9458929300308228,-0.8488023281097412,-0.37481215596199036,-0.4328867197036743
65,1.3624999523162842,-0.13415957987308502,-1.1592767238616943,-0.9374736547470093,-0.8420202732086182,-0.3759138584136963,-0.43419426679611206
66,1.3624999523162842,-0.13466966152191162,-1.1495205163955688,-0.9290543794631958,-0.8352386951446533,-0.3770139515399933,-0.4355054199695587
67,1.3624999523162842,-0.13439081609249115,-1.1397638320922852,-0.9206351041793823,-0.8284565210342407,-0.3781137764453888,-0.43682098388671875
68,1.3624999523162842,-0.13411512970924377,-1.1300069093704224,-0.9122158288955688,-0.8216734528541565,-0.3792102038860321,-0.4381396472454071
69,1.3624999523162842,-0.13462427258491516,-1.1202504634857178,-0.9037966132164001,-0.8148912787437439,-0.3803092837333679,-0.4394596815109253
70,1.3624999523162842,-0.1343495100736618,-1.110493779182434,-0.8953773379325867,-0.808108389377594,-0.38140642642974854,-0.4407840073108673
71,1.3624999523162842,-0.1340714395046234,-1.100737452507019,-0.8869580626487732,-0.8013255596160889,-0.3825053572654724,-0.4421098530292511
72,1.3624999523162842,-0.13458140194416046,-1.0909781455993652,-0.8785387873649597,-0.7945425510406494,-0.38360151648521423,-0.4434392750263214
73,1.3624999523162842,-0.13430869579315186,-1.0812207460403442,-0.870119571685791,-0.7877607941627502,-0.38469886779785156,-0.44476839900016785
74,1.3624999523162842,-0.13481512665748596,-1.0714619159698486,-0.8617002964019775,-0.7809772491455078,-0.38579386472702026,-0.4460999667644501
75,1.3624999523162842,-0.13453903794288635,-1.0617048740386963,-0.8532810211181641,-0.7741941809654236,-0.38689106702804565,-0.44743552803993225
76,1.3624999523162842,-0.1342616081237793,-1.0519471168518066,-0.8448617458343506,-0.7674097418785095,-0.3879867196083069,-0.4487708806991577
77,1.3624999523162842,-0.13477088510990143,-1.0421894788742065,-0.8364424705505371,-0.7606267929077148,-0.38908374309539795,-0.45010805130004883
78,1.3624999523162842,-0.13449382781982422,-1.0324327945709229,-0.8280232548713684,-0.7538429498672485,-0.39017754793167114,-0.4514453411102295
79,1.3624999523162842,-0.13421973586082458,-1.0226761102676392,-0.8196039795875549,-0.74705970287323,-0.3912753164768219,-0.4527857005596161
80,1.3624999523162842,-0.13472948968410492,-1.0129200220108032,-0.8111847043037415,-0.7402772307395935,-0.39236798882484436,-0.4541233777999878
81,1.3624999523162842,-0.13445459306240082,-1.0031641721725464,-0.802765429019928,-0.7334935665130615,-0.393464058637619,-0.45546454191207886
82,1.3624999523162842,-0.1341785043478012,-0.993405282497406,-0.7943462133407593,-0.7267091274261475,-0.3945590853691101,-0.45680683851242065
83,1.3624999523162842,-0.1346878707408905,-0.9836480021476746,-0.7859269380569458,-0.7199262380599976,-0.39565300941467285,-0.4581506848335266
84,1.3624999523162842,-0.13441184163093567,-0.9738909602165222,-0.7775076627731323,-0.7131421566009521,-0.3967486321926117,-0.45949554443359375
85,1.3624999523162842,-0.1341327428817749,-0.9641334414482117,-0.7690883874893188,-0.7063580751419067,-0.3978407382965088,-0.46083784103393555
86,1.3624999523162842,-0.13464537262916565,-0.9543762803077698,-0.7606691122055054,-0.6995733380317688,-0.3989385664463043,-0.4621860682964325
87,1.3624999523162842,-0.1343669891357422,-0.9446179270744324,-0.7522498965263367,-0.6927910447120667,-0.4000301957130432,-0.46353188157081604
88,1.3624999523162842,-0.13409166038036346,-0.93486088514328,-0.7438306212425232,-0.6860069632530212,-0.4011266827583313,-0.46488016843795776
89,1.3624999523162842,-0.13460195064544678,-0.9251033663749695,-0.7354113459587097,-0.6792223453521729,-0.4022180438041687,-0.4662257134914398
90,1.3624999523162842,-0.13432595133781433,-0.915346086025238,-0.7269920706748962,-0.6724374890327454,-0.4033149480819702,-0.467577189207077
91,1.3624999523162842,-0.1348346769809723,-0.9055894017219543,-0.7185727953910828,-0.6656541228294373,-0.40440821647644043,-0.4689270555973053
92,1.3624999523162842,-0.13455982506275177,-0.8958319425582886,-0.7101535797119141,-0.6588692665100098,-0.4055033028125763,-0.47027599811553955
93,1.3624999523162842,-0.13428457081317902,-0.886073648929596,-0.7017343044281006,-0.6520845890045166,-0.4065943658351898,-0.47162535786628723
94,1.3624999523162842,-0.1347951889038086,-0.8763161301612854,-0.6933150291442871,-0.6452999114990234,-0.4076903760433197,-0.4729764461517334
95,1.3624999523162842,-0.13451488316059113,-0.8665587902069092,-0.6848957538604736,-0.6385171413421631,-0.4087827205657959,-0.4743281900882721
96,1.3624999523162842,-0.13424032926559448,-0.8568016886711121,-0.6764765381813049,-0.6317315697669983,-0.4098789691925049,-0.47568047046661377
97,1.3624999523162842,-0.13475407660007477,-0.8470448851585388,-0.6680572628974915,-0.6249457001686096,-0.41097134351730347,-0.47703391313552856
98,1.3624999523162842,-0.13447916507720947,-0.8372870683670044,-0.659637987613678,-0.6181607842445374,-0.41206660866737366,-0.4783880412578583
99,1.3624999523162842,-0.13420163094997406,-0.8275290131568909,-0.6512187123298645,-0.6113758683204651,-0.41315916180610657,-0.4797402024269104
100,1.3624999523162842,-0.13471409678459167,-0.8177714943885803,-0.642799437046051,-0.6045907139778137,-0.41425201296806335,-0.48109304904937744
101,1.3624999523162842,-0.13443540036678314,-0.8080138564109802,-0.6343802213668823,-0.5978053212165833,-0.4153459966182709,-0.4824489951133728
102,1.3624999523162842,-0.1341574490070343,-0.7982569336891174,-0.6259609460830688,-0.5910196304321289,-0.41644102334976196,-0.4838050305843353
103,1.3624999523162842,-0.13466404378414154,-0.7884999513626099,-0.6175416707992554,-0.5842350125312805,-0.4175352156162262,-0.48515960574150085
104,1.3624999523162842,-0.13438940048217773,-0.7787295579910278,-0.6091223955154419,-0.5774489641189575,-0.4186282455921173,-0.4865172803401947
105,1.3624999523162842,-0.13411568105220795,-0.7689559459686279,-0.6007031202316284,-0.5706638097763062,-0.4197213053703308,-0.4878726005554199
106,1.3624999523162842,-0.13462644815444946,-0.7591834664344788,-0.5922839045524597,-0.5638784766197205,-0.4208146929740906,-0.4892289936542511
107,1.3624999523162842,-0.1343507319688797,-0.7494084239006042,-0.5838646292686462,-0.5570922493934631,-0.4219076633453369,-0.4905849099159241
108,1.3624999523162842,-0.13407087326049805,-0.7396312952041626,-0.5754453539848328,-0.5503069162368774,-0.42300131916999817,-0.4919445216655731
109,1.3624999523162842,-0.13458625972270966,-0.7298532724380493,-0.5670260787010193,-0.5435220003128052,-0.42409536242485046,-0.4933015704154968
110,1.3624999523162842,-0.13430801033973694,-0.7200737595558167,-0.5586068630218506,-0.5367355942726135,-0.4251856505870819,-0.49465975165367126
111,1.3624999523162842,-0.13482457399368286,-0.7102917432785034,-0.5501875877380371,-0.5299503207206726,-0.4262809455394745,-0.49601835012435913
112,1.3624999523162842,-0.1345474272966385,-0.7005075812339783,-0.5417683124542236,-0.5231643915176392,-0.4273718297481537,-0.4973759353160858
113,1.3624999523162842,-0.13426750898361206,-0.690722644329071,-0.5333490371704102,-0.516379177570343,-0.42846763134002686,-0.49873629212379456
114,1.3624999523162842,-0.13478413224220276,-0.6809372305870056,-0.5249297618865967,-0.5095928907394409,-0.4295586347579956,-0.5000951290130615
115,1.3624999523162842,-0.13450831174850464,-0.6711353659629822,-0.516510546207428,-0.5028076171875,-0.4306555688381195,-0.5014561414718628
116,1.3624999523162842,-0.1342311054468155,-0.6613257527351379,-0.5080912709236145,-0.4960223436355591,-0.4317450523376465,-0.5028162002563477
117,1.3624999523162842,-0.13474035263061523,-0.6515171527862549,-0.499671995639801,-0.4892358183860779,-0.4328394830226898,-0.5041765570640564
118,1.3624999523162842,-0.1344677209854126,-0.6416979432106018,-0.49125275015830994,-0.48245006799697876,-0.433928519487381,-0.5055345296859741
119,1.3624999523162842,-0.13419294357299805,-0.6318744421005249,-0.48283347487449646,-0.4756639003753662,-0.43502357602119446,-0.5068951845169067
120,1.3624999523162842,-0.13470682501792908,-0.6220496892929077,-0.474414199590683,-0.46887829899787903,-0.4361139237880707,-0.5082558989524841
121,1.3624999523162842,-0.13442769646644592,-0.6122238636016846,-0.4659949541091919,-0.4620921015739441,-0.43720853328704834,-0.5096198320388794
122,1.3624999523162842,-0.13415642082691193,-0.6023926138877869,-0.4575756788253784,-0.45530617237091064,-0.4382971525192261,-0.5109812021255493
123,1.3624999523162842,-0.13466723263263702,-0.5925619602203369,-0.44915643334388733,-0.44852080941200256,-0.4393913447856903,-0.5123422741889954
124,1.3624999523162842,-0.134389728307724,-0.5827293395996094,-0.44073715806007385,-0.4417346119880676,-0.4404809772968292,-0.5137031674385071
125,1.3624999523162842,-0.13411717116832733,-0.5728960633277893,-0.43231791257858276,-0.43494829535484314,-0.44157305359840393,-0.5150654315948486
126,1.3624999523162842,-0.13463100790977478,-0.5630597472190857,-0.4238986372947693,-0.42816194891929626,-0.44266214966773987,-0.5164254307746887
127,1.3624999523162842,-0.13435693085193634,-0.5532187223434448,-0.4154793620109558,-0.4213769733905792,-0.443753719329834,-0.5177876353263855
128,1.3624999523162842,-0.13408145308494568,-0.5433741211891174,-0.4070601165294647,-0.41459017992019653,-0.4448435306549072,-0.5191507339477539
129,1.3624999523162842,-0.13459955155849457,-0.5335303544998169,-0.39864084124565125,-0.40780332684516907,-0.4459410607814789,-0.5204964876174927
130,1.3624999523162842,-0.13432805240154266,-0.5236848592758179,-0.39022159576416016,-0.40101760625839233,-0.44704243540763855,-0.5218230485916138
131,1.3624999523162842,-0.13405200839042664,-0.5138395428657532,-0.3818023204803467,-0.3942321240901947,-0.44815143942832947,-0.5231252312660217
132,1.3624999523162842,-0.1345706433057785,-0.5039951801300049,-0.3733830749988556,-0.3874463140964508,-0.44925814867019653,-0.5244303941726685
133,1.3624999523162842,-0.13429540395736694,-0.49415189027786255,-0.3649637997150421,-0.3806602954864502,-0.4503624737262726,-0.5257420539855957
134,1.3624999523162842,-0.1341392993927002,-0.48430436849594116,-0.35654452443122864,-0.37361180782318115,-0.4512644410133362,-0.5266056060791016
135,1.3624999523162842,-0.13481497764587402,-0.4744572937488556,-0.34812527894973755,-0.3664707541465759,-0.4522049129009247,-0.5273332595825195
136,1.3624999523162842,-0.13469600677490234,-0.46468523144721985,-0.3397060036659241,-0.35903432965278625,-0.45269984006881714,-0.5274360179901123
137,1.3624999523162842,-0.1345045268535614,-0.4549459218978882,-0.331286758184433,-0.3516671359539032,-0.4531532824039459,-0.5276091694831848
138,1.3624999523162842,-0.13416270911693573,-0.44517651200294495,-0.3228674829006195,-0.34301885962486267,-0.45305711030960083,-0.5257774591445923
139,1.3624999523162842,-0.13466858863830566,-0.4353945553302765,-0.3144482374191284,-0.3359745442867279,-0.453786164522171,-0.5263583660125732
140,1.3624999523162842,-0.13444551825523376,-0.4256165027618408,-0.30602896213531494,-0.3287697434425354,-0.4543918967247009,-0.52666175365448
141,1.3624999523162842,-0.13416174054145813,-0.41584551334381104,-0.29760968685150146,-0.3216984272003174,-0.45503953099250793,-0.5271296501159668
142,1.3624999523162842,-0.13438284397125244,-0.4060872793197632,-0.2891904413700104,-0.315288782119751,-0.4560754597187042,-0.5286267399787903
143,1.3624999523162842,-0.13466137647628784,-0.3963375389575958,-0.2807711660861969,-0.3087613582611084,-0.4570973813533783,-0.5299246311187744
144,1.3624999523162842,-0.13416457176208496,-0.38659778237342834,-0.2723519206047058,-0.30221301317214966,-0.4580760598182678,-0.5311732292175293
145,1.3624999523162842,-0.1345071941614151,-0.37686946988105774,-0.26393264532089233,-0.29553475975990295,-0.4589541554450989,-0.5321886539459229
146,1.3624999523162842,-0.13412509858608246,-0.36715641617774963,-0.25551339983940125,-0.28871580958366394,-0.4597190022468567,-0.532924473285675
147,1.3624999523162842,-0.13424251973628998,-0.35746580362319946,-0.24709412455558777,-0.2825503647327423,-0.4607894718647003,-0.5347632765769958
148,1.3624999523162842,-0.13436788320541382,-0.3477983772754669,-0.23867486417293549,-0.27638471126556396,-0.4618332087993622,-0.5366047024726868
149,1.3624999523162842,-0.134489044547081,-0.33816275000572205,-0.2302556037902832,-0.27021971344947815,-0.46283334493637085,-0.5384505391120911
150,1.3624999523162842,-0.1346224844455719,-0.32856541872024536,-0.22183634340763092,-0.2640533447265625,-0.46378278732299805,-0.5402952432632446
151,1.3624999523162842,-0.13477030396461487,-0.31902647018432617,-0.21341708302497864,-0.2578848600387573,-0.464669793844223,-0.5421534180641174
152,1.3624999523162842,-0.1341370791196823,-0.3095738887786865,-0.20499780774116516,-0.2517153322696686,-0.46545496582984924,-0.5440288782119751
153,1.3624999523162842,-0.1343124955892563,-0.3002411723136902,-0.19657854735851288,-0.24554428458213806,-0.46611514687538147,-0.5459415316581726
154,1.3624999523162842,-0.1345767080783844,-0.2904113531112671,-0.1881592869758606,-0.2393733561038971,-0.4672374129295349,-0.5478745698928833
155,1.3624999523162842,-0.1340567171573639,-0.2805817425251007,-0.1797400265932083,-0.2332022488117218,-0.46835920214653015,-0.5498131513595581
156,1.3624999523162842,-0.13432519137859344,-0.2707521915435791,-0.17132076621055603,-0.22703100740909576,-0.46947619318962097,-0.5517528057098389
157,1.3624999523162842,-0.1346004605293274,-0.2609221041202545,-0.16290150582790375,-0.2208581268787384,-0.4706009030342102,-0.553678035736084
158,1.3624999523162842,-0.1340804100036621,-0.25109291076660156,-0.15448224544525146,-0.21468707919120789,-0.4717349708080292,-0.5555818676948547
159,1.3624999523162842,-0.13434968888759613,-0.24126283824443817,-0.146062970161438,-0.20851556956768036,-0.47286897897720337,-0.5574743747711182
160,1.3624999523162842,-0.13461938500404358,-0.23143313825130463,-0.1376437097787857,-0.20234443247318268,-0.47401556372642517,-0.5593309998512268
161,1.3624999523162842,-0.13410012423992157,-0.22160369157791138,-0.12922444939613342,-0.19617445766925812,-0.4752081632614136,-0.561055600643158
162,1.3624999523162842,-0.13436782360076904,-0.21177415549755096,-0.12080518901348114,-0.1900058388710022,-0.4763997495174408,-0.5627717971801758
163,1.3624999523162842,-0.134637251496315,-0.20194460451602936,-0.11238592863082886,-0.18383805453777313,-0.4775797426700592,-0.5644918084144592
164,1.3624999523162842,-0.13411545753479004,-0.19211585819721222,-0.10396666824817657,-0.17767171561717987,-0.47873610258102417,-0.5662274360656738
165,1.3624999523162842,-0.13438139855861664,-0.18229277431964874,-0.0955474004149437,-0.1715061366558075,-0.479549765586853,-0.5679684281349182
166,1.3624999523162842,-0.13464637100696564,-0.17247192561626434,-0.08712814003229141,-0.16534161567687988,-0.4801630973815918,-0.569725513458252
167,1.3624999523162842,-0.13411608338356018,-0.16264744102954865,-0.07870887964963913,-0.1591770350933075,-0.48077037930488586,-0.5714923739433289
168,1.3624999523162842,-0.13436567783355713,-0.1528186798095703,-0.07028961926698685,-0.15301336348056793,-0.48139846324920654,-0.5732626914978027
169,1.3624999523162842,-0.13460959494113922,-0.14298689365386963,-0.06187035143375397,-0.14685054123401642,-0.4820510149002075,-0.5750426650047302
170,1.3624999523162842,-0.13405825197696686,-0.133151575922966,-0.053451091051101685,-0.14068831503391266,-0.4827249348163605,-0.5768287181854248
171,1.3624999523162842,-0.1342897266149521,-0.12331459671258926,-0.0450318269431591,-0.13452672958374023,-0.4834015369415283,-0.5786169171333313
172,1.3624999523162842,-0.13451407849788666,-0.11347868293523788,-0.03661256656050682,-0.12836571037769318,-0.48394834995269775,-0.5804073214530945
173,1.3624999523162842,-0.13473117351531982,-0.10363924503326416,-0.02819330431520939,-0.12220533192157745,-0.48453229665756226,-0.5822010636329651
174,1.3624999523162842,-0.13414566218852997,-0.09379563480615616,-0.019774040207266808,-0.11604589968919754,-0.48515036702156067,-0.5840030908584595
175,1.3624999523162842,-0.1343507617712021,-0.08394918590784073,-0.01135477889329195,-0.10988578200340271,-0.48580121994018555,-0.5858087539672852
176,1.3624999523162842,-0.134442538022995,-0.07412341982126236,-0.002935516182333231,-0.10373074561357498,-0.48642516136169434,-0.5875921249389648
177,1.3624999523162842,-0.13453054428100586,-0.06452453136444092,0.005483746062964201,-0.09760230779647827,-0.4866172969341278,-0.5891415476799011
178,1.3624999523162842,-0.13424621522426605,-0.05485998094081879,0.01390300877392292,-0.09146793931722641,-0.487043559551239,-0.5907948613166809
179,1.3624999523162842,-0.13470178842544556,-0.045276496559381485,0.022322271019220352,-0.08533433824777603,-0.4873908460140228,-0.5924277901649475
180,1.3624999523162842,-0.13430936634540558,-0.035850368440151215,0.030741533264517784,-0.07919888198375702,-0.4875789284706116,-0.5940507650375366
181,1.3624999523162842,-0.13469581305980682,-0.02675277553498745,0.039160795509815216,-0.07305510342121124,-0.4874891936779022,-0.5957463383674622
182,1.3624999523162842,-0.13420721888542175,-0.01703116111457348,0.0475800596177578,-0.06690946966409683,-0.4878292679786682,-0.59749436378479
183,1.3624999523162842,-0.1345728039741516,-0.007210871204733849,0.05599932000041008,-0.06076318398118019,-0.48826542496681213,-0.599250078201294
184,1.3624999523162842,-0.13414567708969116,0.002610898809507489,0.06441858410835266,-0.05461784079670906,-0.48872339725494385,-0.601011335849762
185,1.3624999523162842,-0.1345030814409256,0.012476414442062378,0.07283784449100494,-0.048472605645656586,-0.4891989529132843,-0.6027803421020508
186,1.3624999523162842,-0.13406775891780853,0.02237795852124691,0.08125710487365723,-0.042327459901571274,-0.4896862506866455,-0.6045526266098022
187,1.3624999523162842,-0.13442139327526093,0.032280318439006805,0.0896763727068901,-0.036182157695293427,-0.4901929199695587,-0.6063358187675476
188,1.3624999523162842,-0.13476811349391937,0.04218403622508049,0.09809563308954239,-0.03003646433353424,-0.49071237444877625,-0.6081274151802063
189,1.3624999523162842,-0.1343238651752472,0.05208873748779297,0.10651489347219467,-0.023890802636742592,-0.49124807119369507,-0.6099261045455933
190,1.3624999523162842,-0.13422749936580658,0.06199522316455841,0.11493416130542755,-0.01734970510005951,-0.49176904559135437,-0.6116788387298584
191,1.3624999523162842,-0.13438518345355988,0.07191164791584015,0.12335342168807983,-0.008769945241510868,-0.49211612343788147,-0.6131013631820679
192,1.3624999523162842,-0.1345963329076767,0.08186671882867813,0.13177268207073212,0.004402472171932459,-0.4918670058250427,-0.6136332750320435
193,1.3624999523162842,-0.13432396948337555,0.09182193130254745,0.1401919424533844,0.016295814886689186,-0.4916837215423584,-0.6142274141311646
194,1.3624999523162842,-0.1341598629951477,0.10177913308143616,0.14861120283603668,0.02846253104507923,-0.49146735668182373,-0.6145729422569275
195,1.3624999523162842,-0.13435529172420502,0.11174212396144867,0.15703046321868896,0.04215918853878975,-0.4911152422428131,-0.6143473386764526
196,1.3624999523162842,-0.1346186399459839,0.12170425057411194,0.16544973850250244,0.057169873267412186,-0.4907148778438568,-0.6135377883911133
197,1.3624999523162842,-0.13458944857120514,0.13166293501853943,0.17386899888515472,0.07413236796855927,-0.4902845025062561,-0.6117978096008301
198,1.3624999523162842,-0.13408556580543518,0.14161373674869537,0.182288259267807,0.09401237964630127,-0.4899098873138428,-0.6084761023521423
199,1.3624999523162842,-0.13418839871883392,0.1515539437532425,0.1907075196504593,0.11855711787939072,-0.4897138774394989,-0.6024637818336487
200,1.3624999523162842,-0.13447818160057068,0.16148784756660461,0.19912678003311157,0.14148609340190887,-0.4897729754447937,-0.5967373847961426
201,1.3624999523162842,-0.1346394419670105,0.1714186668395996,0.20754604041576385,0.15495559573173523,-0.4899776875972748,-0.5951229333877563
202,1.3624999523162842,-0.13465192914009094,0.18134768307209015,0.21596530079841614,0.16712097823619843,-0.4902482330799103,-0.5940362811088562
203,1.3624999523162842,-0.1347358673810959,0.19127531349658966,0.22438457608222961,0.17830459773540497,-0.49057185649871826,-0.593380868434906
204,1.3624999523162842,-0.13451476395130157,0.2012019008398056,0.2328038364648819,0.18909943103790283,-0.4909411072731018,-0.5928690433502197
205,1.3624999523162842,-0.13457021117210388,0.21112851798534393,0.24122309684753418,0.19920746982097626,-0.491338312625885,-0.5927185416221619
206,1.3624999523162842,-0.13424229621887207,0.22105492651462555,0.24964235723018646,0.20878350734710693,-0.49174922704696655,-0.5928587913513184
207,1.3624999523162842,-0.13469332456588745,0.2309817522764206,0.25806161761283875,0.21835942566394806,-0.49216529726982117,-0.5930020809173584
208,1.3624999523162842,-0.13436011970043182,0.2409084439277649,0.2664808928966522,0.22793534398078918,-0.4925912022590637,-0.5931487083435059
209,1.3624999523162842,-0.13480916619300842,0.25083568692207336,0.2749001383781433,0.2375117838382721,-0.49302008748054504,-0.5932970643043518
210,1.3624999523162842,-0.13446742296218872,0.26076260209083557,0.2833194136619568,0.24708767235279083,-0.49345895648002625,-0.593449592590332
211,1.3624999523162842,-0.13413217663764954,0.2706890106201172,0.2917386591434479,0.2566637098789215,-0.4938998520374298,-0.5936042070388794
212,1.3624999523162842,-0.13457603752613068,0.2806166410446167,0.30015793442726135,0.26623907685279846,-0.49435004591941833,-0.5937604308128357
213,1.3624999523162842,-0.13423624634742737,0.2905433773994446,0.30857717990875244,0.27581483125686646,-0.49480316042900085,-0.5939213633537292
214,1.3624999523162842,-0.13467857241630554,0.30047088861465454,0.3169964551925659,0.28539183735847473,-0.4952635169029236,-0.594083309173584
215,1.3624999523162842,-0.1343359798192978,0.31039807200431824,0.3254157304763794,0.29496774077415466,-0.4957273006439209,-0.5942476987838745
216,1.3624999523162842,-0.13476574420928955,0.32032856345176697,0.3338349759578705,0.30454376339912415,-0.4961654245853424,-0.5944013595581055
217,1.3624999523162842,-0.13435706496238708,0.3302747309207916,0.34225425124168396,0.3141191601753235,-0.4964689314365387,-0.5944970846176147
218,1.3624999523162842,-0.13472126424312592,0.3402240574359894,0.35067349672317505,0.3236953020095825,-0.49674323201179504,-0.5945818424224854
219,1.3624999523162842,-0.13429522514343262,0.35017433762550354,0.3590927720069885,0.333272248506546,-0.49703362584114075,-0.5946747064590454
220,1.3624999523162842,-0.1346556693315506,0.360122412443161,0.3675120174884796,0.34284791350364685,-0.4973345994949341,-0.5947712659835815
221,1.3624999523162842,-0.13422374427318573,0.37007302045822144,0.3759312927722931,0.3524235785007477,-0.4976395070552826,-0.594871461391449
222,1.3624999523162842,-0.13457784056663513,0.38002192974090576,0.38435056805610657,0.3619997203350067,-0.4979550540447235,-0.5949747562408447
223,1.3624999523162842,-0.134160578250885,0.38996654748916626,0.39276981353759766,0.3715762495994568,-0.4983290731906891,-0.5951181650161743
224,1.3624999523162842,-0.1345861554145813,0.3998938798904419,0.40118908882141113,0.3811538517475128,-0.4988573491573334,-0.5953518152236938
225,1.3624999523162842,-0.13424520194530487,0.4098166227340698,0.4096083343029022,0.3907306492328644,-0.4994330108165741,-0.5956141948699951
226,1.3624999523162842,-0.134689062833786,0.41973942518234253,0.4180276095867157,0.4003075659275055,-0.5000097751617432,-0.5958737134933472
227,1.3624999523162842,-0.13434156775474548,0.4296620786190033,0.4264468550682068,0.40988466143608093,-0.5005886554718018,-0.5961389541625977
228,1.3624999523162842,-0.1347845047712326,0.43958553671836853,0.43486613035202026,0.4194622337818146,-0.5011679530143738,-0.5964011549949646
229,1.3624999523162842,-0.13443954288959503,0.4495076835155487,0.44328540563583374,0.42903944849967957,-0.5017490386962891,-0.5966675877571106
230,1.3624999523162842,-0.1341027170419693,0.4594275653362274,0.45170465111732483,0.4386163353919983,-0.5023704767227173,-0.5969529747962952
231,1.3624999523162842,-0.13457992672920227,0.4693404734134674,0.4601239264011383,0.4481923580169678,-0.5030383467674255,-0.5972672700881958
232,1.3624999523162842,-0.13426698744297028,0.4792563021183014,0.4685431718826294,0.4577713906764984,-0.5037033557891846,-0.5975789427757263
233,1.3624999523162842,-0.1347421556711197,0.48916926980018616,0.47696244716644287,0.46734848618507385,-0.5043721199035645,-0.5978931784629822
234,1.3624999523162842,-0.13442805409431458,0.4990845024585724,0.48538169264793396,0.476925790309906,-0.5050386786460876,-0.5982064008712769
235,1.3624999523162842,-0.13411404192447662,0.5089977383613586,0.49380096793174744,0.4865019917488098,-0.5057072639465332,-0.5985199809074402
236,1.3624999523162842,-0.13459043204784393,0.5189115405082703,0.5022202134132385,0.4960789978504181,-0.5063738822937012,-0.598831057548523
237,1.3624999523162842,-0.13427704572677612,0.5288296341896057,0.510639488697052,0.505655825138092,-0.5070419907569885,-0.5991455316543579
238,1.3624999523162842,-0.1347508281469345,0.5387431383132935,0.5190587639808655,0.5152361392974854,-0.5077114105224609,-0.5994589328765869
239,1.3624999523162842,-0.1344352662563324,0.5486517548561096,0.527478039264679,0.5248106718063354,-0.5083774328231812,-0.5997730493545532
240,1.3624999523162842,-0.1341281533241272,0.558570146560669,0.5358972549438477,0.5343879461288452,-0.5090469717979431,-0.6000849604606628
241,1.3624999523162842,-0.1346011608839035,0.5684875249862671,0.5443165302276611,0.5439667701721191,-0.5097147822380066,-0.6003980040550232
242,1.3624999523162842,-0.13428588211536407,0.5783982872962952,0.5527358055114746,0.5535414218902588,-0.5103803277015686,-0.6007118821144104
243,1.3624999523162842,-0.13475863635540009,0.5883067846298218,0.5611550807952881,0.563120424747467,-0.5110505819320679,-0.6010235548019409
244,1.3624999523162842,-0.13445208966732025,0.5982295274734497,0.5695743560791016,0.5726959705352783,-0.5117191672325134,-0.6013376116752625
245,1.3624999523162842,-0.13413575291633606,0.6081447601318359,0.5779935717582703,0.5822731256484985,-0.5123863220214844,-0.601649820804596
246,1.3624999523162842,-0.13460896909236908,0.6180512309074402,0.5864128470420837,0.5918512940406799,-0.5130555629730225,-0.6019635796546936
247,1.3624999523162842,-0.1342991590499878,0.627967357635498,0.5948321223258972,0.6014270782470703,-0.5137248635292053,-0.6022756099700928
248,1.3624999523162842,-0.1347741186618805,0.6378888487815857,0.6032513976097107,0.6110067367553711,-0.5143945813179016,-0.6025902032852173
249,1.3624999523162842,-0.13446278870105743,0.6477993726730347,0.6116706132888794,0.6205822825431824,-0.5150609612464905,-0.602901816368103
250,1.3624999523162842,-0.13414914906024933,0.6576993465423584,0.6200898885726929,0.6301590204238892,-0.5157309770584106,-0.6032152771949768
251,1.3624999523162842,-0.1346249133348465,0.6676305532455444,0.6285091638565063,0.6397377252578735,-0.5164005756378174,-0.6035275459289551
252,1.3624999523162842,-0.13431234657764435,0.6775473952293396,0.6369284391403198,0.6493142247200012,-0.5170681476593018,-0.6038410067558289
253,1.3624999523162842,-0.1347874253988266,0.6874487996101379,0.6453477144241333,0.658892810344696,-0.5177367329597473,-0.6041529774665833
254,1.3624999523162842,-0.13447648286819458,0.697363555431366,0.653766930103302,0.668470025062561,-0.518406867980957,-0.6044685244560242
255,1.3624999523162842,-0.13416413962841034,0.7072955369949341,0.6621862053871155,0.6780454516410828,-0.5190772414207458,-0.6047793626785278
256,1.3624999523162842,-0.1346374899148941,0.7171977758407593,0.670605480670929,0.6876248717308044,-0.5197474360466003,-0.6050931811332703
257,1.3624999523162842,-0.13432615995407104,0.7270845174789429,0.6790247559547424,0.6972014904022217,-0.5204143524169922,-0.6054050326347351
258,1.3624999523162842,-0.13479885458946228,0.7370452284812927,0.6874440312385559,0.7067795395851135,-0.5210843682289124,-0.6057190299034119
259,1.3624999523162842,-0.13448968529701233,0.746949315071106,0.6958632469177246,0.7163564562797546,-0.5217537879943848,-0.6060304045677185
260,1.3624999523162842,-0.13417832553386688,0.7568277716636658,0.7042825222015381,0.7259316444396973,-0.5224246382713318,-0.6063452363014221
261,1.3624999523162842,-0.13465005159378052,0.7667719125747681,0.7127017974853516,0.7355109453201294,-0.5230937004089355,-0.6066563725471497
262,1.3624999523162842,-0.13434045016765594,0.7766993641853333,0.721121072769165,0.745088517665863,-0.5237630009651184,-0.6069700717926025
263,1.3624999523162842,-0.13481652736663818,0.7865652441978455,0.7295402884483337,0.7546656727790833,-0.5244340300559998,-0.6072835922241211
264,1.3624999523162842,-0.13450413942337036,0.7965091466903687,0.7379595637321472,0.7642431855201721,-0.5251034498214722,-0.6075955629348755
265,1.3624999523162842,-0.13419011235237122,0.8064385056495667,0.7463788390159607,0.7738186120986938,-0.5257743000984192,-0.607908308506012
266,1.3624999523162842,-0.13466836512088776,0.8162946105003357,0.7547981142997742,0.783397376537323,-0.5264456868171692,-0.6082212328910828
267,1.3624999523162842,-0.1343563050031662,0.8262535333633423,0.7632173895835876,0.7929751873016357,-0.5271139740943909,-0.6085329055786133
268,1.3624999523162842,-0.13404595851898193,0.836157500743866,0.7716366052627563,0.8025518655776978,-0.5277872681617737,-0.6088471412658691
269,1.3624999523162842,-0.13452178239822388,0.8460733294487,0.7800558805465698,0.8121297955513,-0.5284565687179565,-0.6091582179069519
270,1.3624999523162842,-0.13420607149600983,0.855990469455719,0.7884751558303833,0.8217055797576904,-0.5291280150413513,-0.6094717383384705
271,1.3624999523162842,-0.13468311727046967,0.8658777475357056,0.7968944311141968,0.8313148617744446,-0.5298006534576416,-0.609784722328186
272,1.3624999523162842,-0.13436827063560486,0.8758262395858765,0.8053137063980103,0.8415501713752747,-0.5304704308509827,-0.610105037689209
273,1.3624999523162842,-0.13405227661132812,0.8857126832008362,0.813732922077179,0.8520172238349915,-0.5311450958251953,-0.6104280948638916
274,1.3624999523162842,-0.13452255725860596,0.8956463932991028,0.8221521973609924,0.8629364967346191,-0.5318201184272766,-0.6107580065727234
275,1.3624999523162842,-0.13420361280441284,0.9055483937263489,0.8305714726448059,0.8742772936820984,-0.5324956774711609,-0.6110879778862
276,1.3624999523162842,-0.13466939330101013,0.9154800772666931,0.8389907479286194,0.8859147429466248,-0.5331695675849915,-0.611425518989563
277,1.3624999523162842,-0.1343519240617752,0.9253780841827393,0.8474099636077881,0.8977707624435425,-0.5338473320007324,-0.6117634177207947
278,1.3624999523162842,-0.13403159379959106,0.9352987408638,0.8558292388916016,0.9096887707710266,-0.5345240831375122,-0.6120965480804443
279,1.3624999523162842,-0.13450075685977936,0.9452095031738281,0.864248514175415,0.9218469262123108,-0.5352001786231995,-0.6124329566955566
280,1.3624999523162842,-0.13417676091194153,0.9551274180412292,0.8726677894592285,0.9344111084938049,-0.5358739495277405,-0.6127738952636719
281,1.3624999523162842,-0.1346457153558731,0.965034008026123,0.881087064743042,0.9471303820610046,-0.5365499258041382,-0.6131126880645752
282,1.3624999523162842,-0.13432542979717255,0.974952220916748,0.8895062804222107,0.9598771333694458,-0.5372260808944702,-0.6134465932846069
283,1.3624999523162842,-0.13479451835155487,0.984863817691803,0.8979255557060242,0.9727886319160461,-0.5379008650779724,-0.613782525062561
284,1.3624999523162842,-0.13447830080986023,0.9947822690010071,0.9063448309898376,0.9861187934875488,-0.5385751128196716,-0.614118218421936
285,1.3624999523162842,-0.1341579556465149,1.0046794414520264,0.9147641062736511,1.000379204750061,-0.5392516255378723,-0.6144581437110901
286,1.3624999523162842,-0.1346256136894226,1.0146300792694092,0.9231833219528198,1.0150853395462036,-0.5399271249771118,-0.6147962212562561
287,1.3624999523162842,-0.1343078762292862,1.0245070457458496,0.9316025972366333,1.029315710067749,-0.5406029224395752,-0.6151320934295654
288,1.3624999523162842,-0.13477680087089539,1.0343834161758423,0.9400218725204468,1.0426143407821655,-0.5412812829017639,-0.6154631972312927
289,1.3624999523162842,-0.13445799052715302,1.0443530082702637,0.9484411478042603,1.0554274320602417,-0.541955828666687,-0.6157951951026917
290,1.3624999523162842,-0.13414043188095093,1.0542612075805664,0.9568604230880737,1.0682597160339355,-0.5426315665245056,-0.616129457950592
291,1.3624999523162842,-0.13461002707481384,1.0641359090805054,0.9652796387672424,1.0809463262557983,-0.5433107018470764,-0.6164641380310059
292,1.3624999523162842,-0.13429157435894012,1.0740998983383179,0.9736989140510559,1.0935333967208862,-0.5439833402633667,-0.6167915463447571
293,1.3624999523162842,-0.13476304709911346,1.0840154886245728,0.9821181893348694,1.1061335802078247,-0.5446587204933167,-0.617123544216156
294,1.3624999523162842,-0.13444450497627258,1.0938833951950073,0.9905374646186829,1.1188684701919556,-0.5453380346298218,-0.6174557209014893
295,1.3624999523162842,-0.13412363827228546,1.1038259267807007,0.9989567399024963,1.1317138671875,-0.5460116863250732,-0.6177855730056763
296,1.3624999523162842,-0.13459992408752441,1.1137447357177734,1.007375955581665,1.144242763519287,-0.5466876029968262,-0.6181157827377319
297,1.3624999523162842,-0.13427968323230743,1.1236244440078735,1.0157952308654785,1.1561059951782227,-0.5473660826683044,-0.6184372901916504
298,1.3624999523162842,-0.13475733995437622,1.1335678100585938,1.024214506149292,1.1676865816116333,-0.5480388402938843,-0.6187628507614136
299,1.3624999523162842,-0.13444159924983978,1.1434900760650635,1.0326337814331055,1.1792453527450562,-0.5487152338027954,-0.6190823912620544
300,1.3624999523162842,-0.13412883877754211,1.1533702611923218,1.041053056716919,1.190505027770996,-0.5493921041488647,-0.6194031238555908
301,1.3624999523162842,-0.1346052587032318,1.1633163690567017,1.0494723320007324,1.2015280723571777,-0.5500645637512207,-0.6197197437286377
302,1.3624999523162842,-0.13429385423660278,1.1732158660888672,1.057891607284546,1.2123740911483765,-0.5507418513298035,-0.6200399994850159
303,1.3624999523162842,-0.13476668298244476,1.1830891370773315,1.0663107633590698,1.2232052087783813,-0.5514189004898071,-0.620358943939209
304,1.3624999523162842,-0.1344558447599411,1.1930559873580933,1.0747300386428833,1.2339122295379639,-0.5520898699760437,-0.6206743121147156
305,1.3624999523162842,-0.13414400815963745,1.2029446363449097,1.0831493139266968,1.2444432973861694,-0.552768349647522,-0.6209919452667236
306,1.3624999523162842,-0.13462001085281372,1.2128665447235107,1.0915685892105103,1.2548376321792603,-0.5534428358078003,-0.6213090419769287
307,1.3624999523162842,-0.1343097686767578,1.2228058576583862,1.0999878644943237,1.2652361392974854,-0.5541186332702637,-0.6216244101524353
308,1.3624999523162842,-0.13478334248065948,1.2326668500900269,1.1084071397781372,1.275840163230896,-0.5547981858253479,-0.6219455003738403
309,1.3624999523162842,-0.13447342813014984,1.2426204681396484,1.1168264150619507,1.2864773273468018,-0.5554707646369934,-0.6222630739212036
310,1.3624999523162842,-0.1341591328382492,1.2525181770324707,1.1252456903457642,1.2970541715621948,-0.5561497211456299,-0.622580885887146
311,1.3624999523162842,-0.1346372365951538,1.2624285221099854,1.1336649656295776,1.307621955871582,-0.5568267107009888,-0.6228978037834167
312,1.3624999523162842,-0.1343252807855606,1.2723549604415894,1.1420841217041016,1.3182144165039062,-0.5575038194656372,-0.6232165098190308
313,1.3624999523162842,-0.13480126857757568,1.2822353839874268,1.150503396987915,1.3288143873214722,-0.5581825971603394,-0.6235339641571045
314,1.3624999523162842,-0.13449084758758545,1.2921854257583618,1.1589226722717285,1.3394190073013306,-0.558857262134552,-0.6238499283790588
315,1.3624999523162842,-0.13418100774288177,1.3020811080932617,1.167341947555542,1.3500958681106567,-0.5595365762710571,-0.6241689920425415
316,1.3624999523162842,-0.13465616106987,1.3120067119598389,1.1757612228393555,1.3608568906784058,-0.560212254524231,-0.62448650598526
317,1.3624999523162842,-0.13434411585330963,1.3218992948532104,1.184180498123169,1.3716191053390503,-0.5608916282653809,-0.6248058676719666
318,1.3624999523162842,-0.13403283059597015,1.3318326473236084,1.1925997734069824,1.3824137449264526,-0.5615673065185547,-0.6251236200332642
319,1.3624999523162842,-0.13450923562049866,1.3417316675186157,1.201019048690796,1.393210530281067,-0.5622474551200867,-0.6254424452781677
320,1.3624999523162842,-0.13419806957244873,1.3516569137573242,1.2094383239746094,1.4040216207504272,-0.5629238486289978,-0.6257622241973877
321,1.3624999523162842,-0.13467276096343994,1.3615682125091553,1.2178574800491333,1.4146552085876465,-0.5636023283004761,-0.6260793209075928
322,1.3624999523162842,-0.13436259329319,1.3714852333068848,1.2262767553329468,1.4252551794052124,-0.5642804503440857,-0.6263973712921143
323,1.3624999523162842,-0.1340494006872177,1.3813934326171875,1.2346960306167603,1.435821294784546,-0.5649592280387878,-0.6267142295837402
324,1.3624999523162842,-0.13452720642089844,1.3913061618804932,1.2431153059005737,1.446462869644165,-0.5656371712684631,-0.6270325779914856
325,1.3624999523162842,-0.1342165768146515,1.4012149572372437,1.2515345811843872,1.457067608833313,-0.5663177371025085,-0.6273481845855713
326,1.3624999523162842,-0.1346946358680725,1.4111285209655762,1.2599538564682007,1.4676700830459595,-0.5669978857040405,-0.6276671290397644
327,1.3624999523162842,-0.13438163697719574,1.4210420846939087,1.2683731317520142,1.478259801864624,-0.5676761865615845,-0.627984344959259
328,1.3624999523162842,-0.13407272100448608,1.4309684038162231,1.2767924070358276,1.4888402223587036,-0.5683532953262329,-0.6282992959022522
329,1.3624999523162842,-0.13454821705818176,1.4408529996871948,1.2852116823196411,1.4992516040802002,-0.569036066532135,-0.6286174654960632
330,1.3624999523162842,-0.13423962891101837,1.4507893323898315,1.2936309576034546,1.5096508264541626,-0.5697143077850342,-0.628933310508728
331,1.3624999523162842,-0.13471540808677673,1.4606863260269165,1.3020501136779785,1.52004873752594,-0.5703936219215393,-0.6292482614517212
332,1.3624999523162842,-0.13440601527690887,1.4706028699874878,1.310469388961792,1.5305074453353882,-0.5710721015930176,-0.6295662522315979
333,1.3624999523162842,-0.1340949684381485,1.4804965257644653,1.3188886642456055,1.5409317016601562,-0.5717569589614868,-0.6298821568489075
334,1.3624999523162842,-0.13457390666007996,1.4904319047927856,1.327307939529419,1.5513161420822144,-0.5724318623542786,-0.6301984190940857
335,1.3624999523162842,-0.1342640221118927,1.5003471374511719,1.3357272148132324,1.5617390871047974,-0.5731133222579956,-0.630512535572052
336,1.3624999523162842,-0.13474169373512268,1.5102516412734985,1.344146490097046,1.572161316871643,-0.5737935304641724,-0.6308315992355347
337,1.3624999523162842,-0.13443288207054138,1.520171046257019,1.3525657653808594,1.58258855342865,-0.5744754672050476,-0.6311463713645935
338,1.3624999523162842,-0.13412170112133026,1.5300798416137695,1.3609850406646729,1.5930079221725464,-0.5751550197601318,-0.6314630508422852
339,1.3624999523162842,-0.13459990918636322,1.539994716644287,1.3694043159484863,1.6034148931503296,-0.5758355855941772,-0.6317770481109619
340,1.3624999523162842,-0.13428960740566254,1.5498980283737183,1.3778234720230103,1.6138185262680054,-0.5765190124511719,-0.6320950388908386
341,1.3624999523162842,-0.13476864993572235,1.5598160028457642,1.3862427473068237,1.6242221593856812,-0.57719886302948,-0.6324104070663452
342,1.3624999523162842,-0.13446038961410522,1.5697309970855713,1.3946620225906372,1.6346182823181152,-0.5778815150260925,-0.6327260136604309
343,1.3624999523162842,-0.1341523826122284,1.5796452760696411,1.4030812978744507,1.645058035850525,-0.5785632133483887,-0.6330447793006897
344,1.3624999523162842,-0.1346326768398285,1.5895603895187378,1.4115005731582642,1.6554657220840454,-0.5792449712753296,-0.6333585977554321
345,1.3624999523162842,-0.1343231499195099,1.5994641780853271,1.4199198484420776,1.6658674478530884,-0.5799294114112854,-0.6336746215820312
346,1.3624999523162842,-0.13480305671691895,1.6093807220458984,1.4283391237258911,1.6762951612472534,-0.5806100964546204,-0.6339907050132751
347,1.3624999523162842,-0.13449527323246002,1.6192904710769653,1.4367583990097046,1.6867179870605469,-0.5812928676605225,-0.6343050003051758
348,1.3624999523162842,-0.1341867446899414,1.6292033195495605,1.445177674293518,1.697145938873291,-0.581976056098938,-0.6346203088760376
349,1.3624999523162842,-0.13466776907444,1.6391161680221558,1.453596830368042,1.7075722217559814,-0.5826593637466431,-0.634935736656189
350,1.3624999523162842,-0.13435940444469452,1.6490319967269897,1.4620161056518555,1.717983603477478,-0.5833417773246765,-0.6352489590644836
351,1.3624999523162842,-0.13405081629753113,1.6589467525482178,1.470435380935669,1.728391408920288,-0.5840268135070801,-0.6355667114257812
352,1.3624999523162842,-0.1345294564962387,1.6688541173934937,1.4788546562194824,1.7387959957122803,-0.5847108364105225,-0.635881245136261
353,1.3624999523162842,-0.13422033190727234,1.678763508796692,1.487273931503296,1.7491997480392456,-0.5853946208953857,-0.6361988186836243
354,1.3624999523162842,-0.1347018927335739,1.6886759996414185,1.4956932067871094,1.7596086263656616,-0.5860794186592102,-0.6365135908126831
355,1.3624999523162842,-0.1343913972377777,1.6985886096954346,1.5041124820709229,1.7699955701828003,-0.5867639183998108,-0.6368291974067688
356,1.3624999523162842,-0.1340848058462143,1.7085015773773193,1.5125317573547363,1.7804151773452759,-0.587448000907898,-0.6371431350708008
357,1.3624999523162842,-0.13456344604492188,1.7184137105941772,1.5209510326385498,1.7908446788787842,-0.5881329774856567,-0.6374598145484924
358,1.3624999523162842,-0.13425593078136444,1.7283298969268799,1.5293701887130737,1.8012704849243164,-0.5888187885284424,-0.6377723217010498
359,1.3624999523162842,-0.13473498821258545,1.7382389307022095,1.5377894639968872,1.811699628829956,-0.5895031094551086,-0.6380897164344788
360,1.3624999523162842,-0.1344279795885086,1.74815034866333,1.5462087392807007,1.8221290111541748,-0.5901902318000793,-0.6384040117263794
361,1.3624999523162842,-0.13411904871463776,1.7580596208572388,1.5546280145645142,1.832546591758728,-0.5908766388893127,-0.6387190818786621
362,1.3624999523162842,-0.13459867238998413,1.767972469329834,1.5630472898483276,1.8429582118988037,-0.5915622115135193,-0.6390357613563538
363,1.3624999523162842,-0.1342913806438446,1.7778834104537964,1.5714665651321411,1.8533673286437988,-0.59224933385849,-0.6393500566482544
364,1.3624999523162842,-0.1347714215517044,1.787798285484314,1.5798858404159546,1.863774299621582,-0.5929346084594727,-0.6396664381027222
365,1.3624999523162842,-0.13446278870105743,1.7977148294448853,1.588305115699768,1.874178409576416,-0.593622624874115,-0.6399815678596497
366,1.3624999523162842,-0.13415513932704926,1.8076226711273193,1.5967243909835815,1.884526252746582,-0.5943094491958618,-0.6402974128723145
367,1.3624999523162842,-0.13463334739208221,1.8175336122512817,1.605143666267395,1.8949592113494873,-0.5949975848197937,-0.6406134963035583
368,1.3624999523162842,-0.1343260258436203,1.827443242073059,1.613562822341919,1.9053908586502075,-0.5956850051879883,-0.6409286856651306
369,1.3624999523162842,-0.1348051279783249,1.8373546600341797,1.6219820976257324,1.915818691253662,-0.5963724255561829,-0.6412447690963745
370,1.3624999523162842,-0.13449883460998535,1.8472657203674316,1.630401372909546,1.9262505769729614,-0.5970602035522461,-0.6415598392486572
371,1.3624999523162842,-0.13419121503829956,1.8571786880493164,1.6388206481933594,1.9366822242736816,-0.5977482795715332,-0.6418749094009399
372,1.3624999523162842,-0.13467200100421906,1.8670936822891235,1.6472399234771729,1.9471042156219482,-0.5984372496604919,-0.6421922445297241
373,1.3624999523162842,-0.1343630850315094,1.8770039081573486,1.6556591987609863,1.957517385482788,-0.5991267561912537,-0.6425065398216248
374,1.3624999523162842,-0.13405652344226837,1.8869141340255737,1.6640784740447998,1.9678784608840942,-0.5998160243034363,-0.6428216695785522
375,1.3624999523162842,-0.13453668355941772,1.8968247175216675,1.6724977493286133,1.978257656097412,-0.6005064845085144,-0.6431365013122559
376,1.3624999523162842,-0.13422995805740356,1.9067327976226807,1.6809170246124268,1.9884710311889648,-0.6011936664581299,-0.6434506773948669
377,1.3624999523162842,-0.13471169769763947,1.916646122932434,1.6893361806869507,1.9991273880004883,-0.6018832325935364,-0.6437650322914124
378,1.3624999523162842,-0.1344054490327835,1.9265596866607666,1.6977554559707642,2.0095252990722656,-0.6025744676589966,-0.6440818905830383
379,1.3624999523162842,-0.13409799337387085,1.9364720582962036,1.7061747312545776,2.0198917388916016,-0.6032654047012329,-0.6443958282470703
380,1.3624999523162842,-0.13458219170570374,1.946382761001587,1.7145940065383911,2.030256509780884,-0.603956401348114,-0.6447113752365112
381,1.3624999523162842,-0.134273499250412,1.9562954902648926,1.7230132818222046,2.0406181812286377,-0.6046472191810608,-0.6450256705284119
382,1.3624999523162842,-0.13475562632083893,1.9662039279937744,1.731432557106018,2.050978660583496,-0.6053381562232971,-0.6453402042388916
383,1.3624999523162842,-0.1344505399465561,1.9761146306991577,1.7398518323898315,2.061394691467285,-0.6060298085212708,-0.6456562876701355
384,1.3624999523162842,-0.1341434121131897,1.9860254526138306,1.748271107673645,2.071868658065796,-0.6067215800285339,-0.6459706425666809
385,1.3624999523162842,-0.13462316989898682,1.9959372282028198,1.7566903829574585,2.0823395252227783,-0.6074148416519165,-0.6462880373001099
386,1.3624999523162842,-0.13431979715824127,2.0058393478393555,1.7651095390319824,2.0928075313568115,-0.6081077456474304,-0.6466027498245239
387,1.3624999523162842,-0.13480213284492493,2.0157532691955566,1.773528814315796,2.1032755374908447,-0.6088013648986816,-0.6469182372093201
388,1.3624999523162842,-0.13449090719223022,2.0256662368774414,1.7819480895996094,2.113743305206299,-0.6094926595687866,-0.6472325325012207
389,1.3624999523162842,-0.1341867744922638,2.035581111907959,1.7903673648834229,2.1242082118988037,-0.61018967628479,-0.6475493907928467
390,1.3624999523162842,-0.1346697360277176,2.045498847961426,1.7987866401672363,2.1346702575683594,-0.6108817458152771,-0.6478626728057861
391,1.3624999523162842,-0.13436192274093628,2.055408477783203,1.8072059154510498,2.145132064819336,-0.6115787029266357,-0.6481804251670837
392,1.3624999523162842,-0.1340615451335907,2.0653176307678223,1.8156251907348633,2.1555895805358887,-0.6122705936431885,-0.6484925150871277
393,1.3624999523162842,-0.13454420864582062,2.075226068496704,1.8240444660186768,2.1658787727355957,-0.6129659414291382,-0.6488069295883179
394,1.3624999523162842,-0.13423550128936768,2.085130214691162,1.8324637413024902,2.176269292831421,-0.6136607527732849,-0.6491205096244812
395,1.3624999523162842,-0.13472096621990204,2.0950393676757812,1.8408828973770142,2.18666934967041,-0.6143543720245361,-0.6494366526603699
396,1.3624999523162842,-0.1344175934791565,2.104948043823242,1.8493021726608276,2.197065830230713,-0.6150521039962769,-0.6497487425804138
397,1.3624999523162842,-0.1341075897216797,2.1148576736450195,1.8577214479446411,2.207458019256592,-0.6157485842704773,-0.6500646471977234
398,1.3624999523162842,-0.13459381461143494,2.124768018722534,1.8661407232284546,2.2178618907928467,-0.616446316242218,-0.6503797173500061
399,1.3624999523162842,-0.13429033756256104,2.134676694869995,1.874559998512268,2.2282662391662598,-0.6171431541442871,-0.6506948471069336
400,1.3624999523162842,-0.13477493822574615,2.14459228515625,1.8829792737960815,2.2386598587036133,-0.6178398132324219,-0.6510068774223328
